<?xml version="1.0" encoding="UTF-8"?>
<beans xmlns="http://www.springframework.org/schema/beans"
	xmlns:xsi="http://www.w3.org/2001/XMLSchema-instance" xmlns:dubbo="http://code.alibabatech.com/schema/dubbo"
	xsi:schemaLocation="http://www.springframework.org/schema/beans  
  http://www.springframework.org/schema/beans/spring-beans.xsd  
  http://code.alibabatech.com/schema/dubbo
  http://code.alibabatech.com/schema/dubbo/dubbo.xsd">

	<!-- 提供方应用信息，用于计算依赖关系 -->
	<dubbo:application name="dubbo_constumer" />

	<!-- 使用zookeeper注册中心暴露服务地址 -->
	<dubbo:registry address="zookeeper://127.0.0.1:2181" />

	 <!-- 生成远程服务代理，可以和本地bean一样使用demoService -->
    <dubbo:reference id="organizationService" interface="com.wangzhixuan.service.OrganizationService" check="false"/>
    <dubbo:reference id="resourceService" interface="com.wangzhixuan.service.ResourceService" check="false"/>
    <dubbo:reference id="roleResourceService" interface="com.wangzhixuan.service.RoleResourceService" check="false"/>
    <dubbo:reference id="roleService" interface="com.wangzhixuan.service.RoleService" check="false"/>
    <dubbo:reference id="sysLogService" interface="com.wangzhixuan.service.SysLogService" check="false"/>
    <dubbo:reference id="userRoleService" interface="com.wangzhixuan.service.UserRoleService" check="false"/>
    <dubbo:reference id="userService" interface="com.wangzhixuan.service.UserService" check="false"/>
</beans>

