<?xml version="1.0" encoding="UTF-8"?>
<beans xmlns="http://www.springframework.org/schema/beans"
	xmlns:xsi="http://www.w3.org/2001/XMLSchema-instance" xmlns:p="http://www.springframework.org/schema/p"
	xmlns:context="http://www.springframework.org/schema/context"
	xmlns:mvc="http://www.springframework.org/schema/mvc" xmlns:aop="http://www.springframework.org/schema/aop"
	xmlns:tx="http://www.springframework.org/schema/tx"
	xsi:schemaLocation="http://www.springframework.org/schema/beans  
  http://www.springframework.org/schema/beans/spring-beans.xsd  
  http://www.springframework.org/schema/context  
  http://www.springframework.org/schema/context/spring-context.xsd  
  http://www.springframework.org/schema/mvc  
  http://www.springframework.org/schema/mvc/spring-mvc.xsd
  http://www.springframework.org/schema/aop 
  http://www.springframework.org/schema/aop/spring-aop.xsd
  http://www.springframework.org/schema/tx 
  http://www.springframework.org/schema/tx/spring-tx.xsd">

	<!-- 将多个配置文件读取到容器中，交给Spring管理,放在common中，必须在最外层，即调用层引入，才可以  -->
	<!-- <bean id="propertyConfigurer"
		class="org.springframework.beans.factory.config.PropertyPlaceholderConfigurer">
		<property name="locations">
			<list>
				<value>classpath:config/jedis.properties</value>
			</list>
		</property>
	</bean> -->
	<!-- 将多个配置文件读取到容器中,与bean效果一样，
	需要引入xmlns:context="http://www.springframework.org/schema/context" --> 
	<!-- <context:property-placeholder location="classpath:config/jedis.properties"/> -->

	<!-- Jedis链接池配置 -->
	<!-- 连接池配置 -->  
    <bean id="jedisPoolConfig" class="redis.clients.jedis.JedisPoolConfig">  
        <!-- 最大连接数 -->  
        <property name="maxTotal" value="30" />  
        <!-- 最大空闲连接数 -->  
        <property name="maxIdle" value="10" />  
        <!-- 每次释放连接的最大数目 -->  
        <property name="numTestsPerEvictionRun" value="1024" />  
        <!-- 释放连接的扫描间隔（毫秒） -->  
        <property name="timeBetweenEvictionRunsMillis" value="30000" />  
        <!-- 连接最小空闲时间 -->  
        <property name="minEvictableIdleTimeMillis" value="1800000" />  
        <!-- 连接空闲多久后释放, 当空闲时间>该值 且 空闲连接>最大空闲连接数 时直接释放 -->  
        <property name="softMinEvictableIdleTimeMillis" value="10000" />  
        <!-- 获取连接时的最大等待毫秒数,小于零:阻塞不确定的时间,默认-1 -->  
        <property name="maxWaitMillis" value="1500" />  
        <!-- 在获取连接的时候检查有效性, 默认false -->  
        <property name="testOnBorrow" value="true" />  
        <!-- 在空闲时检查有效性, 默认false -->  
        <property name="testWhileIdle" value="true" />  
        <!-- 连接耗尽时是否阻塞, false报异常,ture阻塞直到超时, 默认true -->  
        <property name="blockWhenExhausted" value="false" />  
    </bean>
	<bean id="shardedJedisPool" class="redis.clients.jedis.ShardedJedisPool">
		<constructor-arg index="0" ref="jedisPoolConfig" />
		<constructor-arg index="1">
			<list>
				<bean class="redis.clients.jedis.JedisShardInfo">
					<constructor-arg index="0" value="${jedis.host}" />
					<constructor-arg index="1" value="${jedis.port}" type="int" />
				</bean>
			</list>
		</constructor-arg>
	</bean>

	<bean id="redisUtils" class="com.dingcheng.redis.util.RedisUtils">
		<property name="jedisPool" ref="shardedJedisPool" />
	</bean>
	<!-- redis cache config end -->

</beans>