<?xml version="1.0" encoding="UTF-8"?>
<beans xmlns="http://www.springframework.org/schema/beans"
	xmlns:xsi="http://www.w3.org/2001/XMLSchema-instance"
	xmlns:dubbo="http://code.alibabatech.com/schema/dubbo"
	xsi:schemaLocation="http://www.springframework.org/schema/beans  
  http://www.springframework.org/schema/beans/spring-beans.xsd  
  http://code.alibabatech.com/schema/dubbo
  http://code.alibabatech.com/schema/dubbo/dubbo.xsd">
  
	<!-- 提供方应用信息，用于计算依赖关系 -->
	<dubbo:application name="dubbo-provider" />

	<!-- 使用zookeeper注册中心暴露服务地址 -->
	<dubbo:registry address="zookeeper://127.0.0.1:2181" />

	<!-- 用dubbo协议在20880端口暴露服务 -->
	<dubbo:protocol name="dubbo" port="20880" />

	<!-- 声明需要暴露的服务接口 -->
	<dubbo:provider delay="-1" timeout="10000" retries="0"/><!-- 全局超时,重试机制 -->
	
	<dubbo:service ref="organizationService" interface="com.wangzhixuan.service.OrganizationService" />
    <dubbo:service ref="resourceService" interface="com.wangzhixuan.service.ResourceService" />
    <dubbo:service ref="roleResourceService" interface="com.wangzhixuan.service.RoleResourceService" />
    <dubbo:service ref="roleService" interface="com.wangzhixuan.service.RoleService" />
    <dubbo:service ref="sysLogService" interface="com.wangzhixuan.service.SysLogService" />
    <dubbo:service ref="userRoleService" interface="com.wangzhixuan.service.UserRoleService" />
    <dubbo:service ref="userService" interface="com.wangzhixuan.service.UserService" />
</beans>